<?xml version="1.0" encoding="UTF-8"?>
<LightningComponentBundle xmlns="http://soap.sforce.com/2006/04/metadata">
    <apiVersion>54.0</apiVersion>
    <isExposed>true</isExposed>
    <capabilities>
        <capability>lightningCommunity__RelaxedCSP</capability>
    </capabilities>
    <targets>
        <target>lightning__RecordPage</target>
    </targets> 
    <targetConfigs>
      <targetConfig targets="lightning__RecordPage">
          <property name="tactonCPQUrlEmbedded" label="Embedded CPQ Trampoline URL" type="String" />
          <property name="iframeHeight" label="Iframe Height" type="String" />
          <property name="scrolling" label="Scrolling" type="String" />
      </targetConfig>
  </targetConfigs>
</LightningComponentBundle>